Content_ID,Content_Name,Genre,Release_Type
1,Content_1,Horror,Series
2,Content_2,Drama,Movie
3,Content_3,Horror,Series
4,Content_4,Horror,Series
5,Content_5,Documentary,Movie
6,Content_6,Action,Series
7,Content_7,Horror,Movie
8,Content_8,Comedy,Movie
9,Content_9,Action,Movie
10,Content_10,Action,Movie
11,Content_11,Action,Series
12,Content_12,Documentary,Series
13,Content_13,Horror,Series
14,Content_14,Documentary,Movie
15,Content_15,Horror,Series
16,Content_16,Documentary,Movie
17,Content_17,Documentary,Series
18,Content_18,Comedy,Series
19,Content_19,Documentary,Series
20,Content_20,Drama,Movie
21,Content_21,Comedy,Series
22,Content_22,Documentary,Series
23,Content_23,Action,Movie
24,Content_24,Drama,Series
25,Content_25,Drama,Movie
26,Content_26,Drama,Series
27,Content_27,Comedy,Movie
28,Content_28,Documentary,Movie
29,Content_29,Documentary,Series
30,Content_30,Action,Movie
31,Content_31,Action,Movie
32,Content_32,Drama,Movie
33,Content_33,Action,Movie
34,Content_34,Comedy,Movie
35,Content_35,Documentary,Movie
36,Content_36,Drama,Series
37,Content_37,Action,Movie
38,Content_38,Comedy,Movie
39,Content_39,Comedy,Series
40,Content_40,Action,Series
41,Content_41,Documentary,Series
42,Content_42,Action,Series
43,Content_43,Drama,Series
44,Content_44,Action,Series
45,Content_45,Comedy,Series
46,Content_46,Action,Movie
47,Content_47,Documentary,Movie
48,Content_48,Horror,Series
49,Content_49,Action,Movie
50,Content_50,Documentary,Movie
51,Content_51,Documentary,Movie
52,Content_52,Comedy,Series
53,Content_53,Documentary,Series
54,Content_54,Documentary,Movie
55,Content_55,Documentary,Series
56,Content_56,Documentary,Movie
57,Content_57,Drama,Movie
58,Content_58,Drama,Movie
59,Content_59,Comedy,Movie
60,Content_60,Action,Series
61,Content_61,Documentary,Series
62,Content_62,Action,Series
63,Content_63,Action,Movie
64,Content_64,Comedy,Series
65,Content_65,Documentary,Movie
66,Content_66,Documentary,Series
67,Content_67,Horror,Movie
68,Content_68,Action,Movie
69,Content_69,Action,Movie
70,Content_70,Drama,Series
71,Content_71,Horror,Series
72,Content_72,Drama,Series
73,Content_73,Drama,Series
74,Content_74,Drama,Movie
75,Content_75,Comedy,Series
76,Content_76,Comedy,Series
77,Content_77,Drama,Movie
78,Content_78,Horror,Movie
79,Content_79,Action,Movie
80,Content_80,Horror,Series
81,Content_81,Documentary,Movie
82,Content_82,Comedy,Movie
83,Content_83,Action,Movie
84,Content_84,Action,Series
85,Content_85,Documentary,Movie
86,Content_86,Documentary,Series
87,Content_87,Drama,Series
88,Content_88,Comedy,Movie
89,Content_89,Comedy,Movie
90,Content_90,Horror,Series
91,Content_91,Drama,Movie
92,Content_92,Drama,Movie
93,Content_93,Drama,Series
94,Content_94,Drama,Series
95,Content_95,Comedy,Movie
96,Content_96,Comedy,Series
97,Content_97,Drama,Movie
98,Content_98,Horror,Movie
99,Content_99,Action,Movie
100,Content_100,Action,Series
